"k","alpha","relative_efficiency"
1,0,1
2,0.0825,0.998177677934095
3,0.165,0.992621495150809
4,0.2475,0.983053282392985
5,0.33,0.968971807852081
6,0.4125,0.949586267536286
7,0.495,0.923697930566345
8,0.5775,0.889488325668821
9,0.66,0.844118435817584
10,0.7425,0.782888005289815
11,0.825,0.697136459733012
12,0.9075,0.566965128896681
13,0.99,0.289964157057645
